{
  "bones": {
    "spine_01": [
      7.145686322043964,
      0.6605251100748696,
      -2.585928672869145
    ],
    "spine_02": [
      4.071220457493034,
      0.26585459064954814,
      -1.0526253213558314
    ],
    "spine_03": [
      24.920139662034185,
      -0.17782246310089564,
      -1.9695736088355766
    ],
    "thigh_l": [
      -72.04431447255942,
      -9.142155785959789,
      11.61046274323621
    ],
    "thigh_r": [
      -19.829517187898656,
      -12.43989970004454,
      -19.74968718787733
    ],
    "calf_l": [
      118.62421027161922,
      12.54630342145163,
      -14.569287891668317
    ],
    "calf_r": [
      109.50665229442882,
      2.0135888531706065,
      16.27813583078333
    ],
    "foot_l": [
      -56.31585789316486,
      -15.16743903654648,
      -23.12913116278172
    ],
    "foot_r": [
      -70.85620230218866,
      10.861847665260106,
      0.5348778594752567
    ],
    "neck_01": [
      -20.077118684992357,
      0.5250279121893567,
      -0.4432856469441071
    ],
    "upperarm_l": [
      -27.16366813489739,
      -35.38999572605541,
      -33.03248272568054
    ],
    "upperarm_r": [
      -119.28176913304135,
      10.658230303241357,
      18.682066202148206
    ],
    "ball_r": [
      -20.77935435658801,
      2.669279022492845,
      9.606727428617297
    ],
    "lowerarm_l": [
      5.33829362805084,
      -2.4992687814523156,
      60.93890987486387
    ],
    "lowerarm_r": [
      -35.19340287098937,
      42.778145593367285,
      23.966344628260234
    ],
    "hand_l": [
      3.527217838235931,
      -5.220866530731482,
      -6.138420481811749
    ],
    "hand_r": [
      4.934575561725368,
      21.616711041911522,
      23.623530400797993
    ]
  },
  "modelRotation": [
    0,
    0,
    0
  ],
  "camera": {
    "posX": 38.80185399307327,
    "posY": 1.0866092107619192,
    "posZ": 23.68387506068172,
    "targetX": -0.0202662640892224,
    "targetY": 0.3101385440356734,
    "targetZ": 0.9409624934196473
  },
  "cameraParams": {
    "offset_x": 0.0202662640892224,
    "offset_y": -1.8462005462176803,
    "zoom": 2.75
  },
  "ikEffectorPositions": {
    "pelvis": [
      0,
      -0.8046296238899231,
      0.13507114350795746
    ],
    "hand_l": [
      1.7282665387154812,
      -0.925974306063881,
      2.8084870926412666
    ],
    "hand_r": [
      -0.6435821378615856,
      3.474211947677391,
      3.470896464857191
    ],
    "foot_l": [
      1.12551745114302,
      -3.92341968081658,
      0.9043318740484372
    ],
    "foot_r": [
      -0.4524589134858026,
      -3.6761353160435717,
      -1.6751444044247943
    ],
    "head": [
      0.4118319213715061,
      3.3336090432908194,
      2.197640379312798
    ]
  },
  "poleTargetPositions": {
    "leftArm": [
      2.7435616566732555,
      1.2848752737045288,
      0.3158991367552455
    ],
    "rightArm": [
      -2.7435616566732555,
      1.2848752737045288,
      0.3158991367552455
    ],
    "leftLeg": [
      0.9052219334473398,
      -4.198694229125977,
      1.0799989978397984
    ],
    "rightLeg": [
      -0.9052219334473398,
      -4.198694229125977,
      1.0799989978397984
    ]
  },
  "hipBonePosition": {
    "hips": [
      0,
      7.361975371837616,
      0.39708317816257477
    ]
  },
  "_library": {
    "repository": "local_user_poses",
    "category": "Uncategorized",
    "tags": []
  }
}