{
  "bones": {
    "Root": [
      16.443705268086315,
      0.9549095896254065,
      2.0688555225662753
    ],
    "spine_03": [
      -23.280574340997973,
      -2.212168185973957,
      -4.021051097464287
    ],
    "thigh_r": [
      39.4566377490517,
      -0.7601006318338435,
      0.48642820052634606
    ],
    "calf_l": [
      31.663323940098824,
      -2.5406677669494107,
      0.9741127144579573
    ],
    "calf_r": [
      49.170483681580414,
      -3.7675658242030114,
      2.151956647904741
    ],
    "foot_l": [
      30.966142275727535,
      -4.463318656803659,
      1.1355365361682428
    ],
    "foot_r": [
      31.64768301360347,
      -4.808557225372451,
      1.3234652672983027
    ],
    "upperarm_r": [
      -163.79562505031882,
      6.415685571136425,
      4.15697702249998
    ],
    "ball_l": [
      8.504256395367108,
      0.6184533087869689,
      6.255306806946277
    ],
    "head": [
      -11.783287104625051,
      -58.95743262545316,
      -25.309918280491114
    ],
    "lowerarm_l": [
      20.15952185763338,
      0,
      0
    ],
    "lowerarm_r": [
      51.01386263329762,
      5.693499530944427,
      7.831410455924931
    ],
    "hand_r": [
      -47.69928435688199,
      28.509062624698227,
      -81.20443456768014
    ]
  },
  "modelRotation": [
    -180,
    -109,
    0
  ],
  "camera": {
    "posX": -0.8225471169804089,
    "posY": 0.6672101909130675,
    "posZ": 45.85933241248131,
    "targetX": -0.8225471169804089,
    "targetY": 0.6672101909130648,
    "targetZ": 0.8593324124813079
  },
  "cameraParams": {
    "offset_x": 0.822547116980409,
    "offset_y": -2.775320857188089,
    "zoom": 2.3
  },
  "_library": {
    "repository": "local_user_poses",
    "category": "Uncategorized",
    "tags": []
  }
}